roll_num,Q1,Q2,Q3,Q4,Q5,Q6,Q7,Q8,Q9,Q10,Q11,Q12,Q13,Q14,Q15,Q16,Q17,Q18,Q19,Q20
22001,-1,-1,0,-1,0,0,0,-1,-1,1,-1,0,0,0,0,0,-1,-1,1,0
22002,-1,-1,1,0,1,-1,-1,-1,0,1,0,-1,1,-1,0,-1,-1,1,0,0
22003,-1,1,-1,-1,0,0,0,1,-1,-1,-1,0,0,0,1,1,0,-1,-1,0
22004,-1,0,-1,1,1,1,0,1,-1,1,1,0,0,0,-1,0,-1,-1,0,-1
22005,1,0,1,0,0,0,1,0,-1,-1,0,0,1,1,0,-1,0,1,0,0
22006,0,-1,0,0,1,1,-1,-1,1,1,1,0,1,-1,-1,-1,1,-1,-1,0
22007,0,1,1,1,0,-1,1,1,0,0,-1,-1,-1,1,-1,-1,1,-1,0,-1
22008,0,1,0,0,0,0,-1,0,1,1,-1,-1,-1,-1,1,-1,0,-1,0,1
22009,0,0,1,1,1,-1,1,0,0,-1,-1,1,-1,-1,-1,1,1,1,1,-1
22010,0,0,1,-1,0,1,1,1,0,0,-1,1,-1,1,1,-1,1,0,-1,0
22011,0,0,-1,1,1,-1,1,1,1,-1,-1,-1,1,0,1,0,0,-1,1,-1
22012,1,1,1,-1,-1,0,0,1,1,-1,-1,1,0,-1,1,-1,1,-1,-1,0
22013,-1,1,1,0,-1,-1,-1,-1,1,1,-1,1,-1,0,1,0,-1,0,-1,1
22014,-1,0,-1,0,0,0,-1,1,-1,0,1,1,-1,1,0,1,0,0,-1,0
22015,0,1,0,1,0,1,0,-1,-1,-1,-1,-1,1,-1,0,1,1,0,1,1
22016,0,-1,0,-1,-1,0,0,-1,0,1,0,0,1,-1,1,-1,1,1,1,1
22017,1,0,-1,-1,-1,1,0,-1,0,0,0,-1,1,-1,0,1,0,-1,0,0
22018,-1,1,0,0,-1,1,1,1,1,1,-1,1,0,1,-1,0,0,0,1,-1
22019,1,0,1,-1,-1,1,1,0,-1,0,0,1,1,1,0,1,1,-1,-1,-1
22020,0,-1,-1,0,0,-1,-1,1,-1,1,0,1,1,1,1,-1,0,-1,-1,-1
22021,0,0,1,1,1,1,-1,-1,-1,1,1,1,0,1,-1,1,0,1,0,-1
22022,0,0,0,1,-1,0,-1,1,0,-1,-1,1,1,-1,-1,1,1,0,1,-1
22023,0,-1,-1,-1,-1,-1,-1,-1,1,1,-1,0,0,0,1,-1,-1,1,0,1
22024,0,0,0,1,-1,1,0,0,0,0,-1,0,0,-1,0,1,1,-1,-1,-1
22025,-1,-1,-1,0,-1,0,1,0,1,-1,-1,-1,-1,0,-1,0,0,1,1,-1
22026,-1,0,0,1,-1,1,0,0,1,0,0,1,-1,1,-1,-1,0,0,0,0
22027,-1,-1,-1,1,1,1,1,-1,-1,-1,0,0,-1,1,0,0,0,1,-1,-1
22028,0,0,-1,1,0,0,-1,0,0,-1,1,-1,-1,1,0,1,0,1,-1,-1
22029,1,-1,0,0,1,0,0,1,0,0,-1,-1,0,1,1,0,-1,-1,1,-1
22030,1,1,-1,1,-1,-1,1,0,1,1,1,1,0,0,0,1,1,-1,1,0
22031,0,1,-1,1,0,-1,1,0,0,0,1,-1,0,0,-1,0,1,0,0,-1
22032,1,-1,-1,0,1,-1,0,1,1,0,0,-1,-1,0,0,1,-1,-1,-1,1
22033,1,1,0,0,1,0,0,1,-1,1,-1,0,-1,0,0,0,0,1,-1,1
22034,1,-1,0,1,1,-1,-1,-1,1,1,-1,0,0,0,1,1,1,1,1,1
22035,0,0,1,0,1,1,1,1,-1,-1,0,0,0,-1,0,1,-1,-1,1,1
22036,-1,0,1,0,1,0,0,1,1,0,1,-1,1,-1,1,0,0,-1,-1,0
22037,0,-1,-1,0,0,1,1,-1,1,0,1,0,-1,0,1,1,-1,-1,-1,1
22038,1,0,1,1,0,0,-1,1,-1,1,-1,-1,-1,1,-1,1,1,-1,-1,1
22039,-1,1,-1,-1,0,-1,0,0,1,1,1,1,0,-1,1,0,-1,0,0,1
22040,0,-1,0,0,-1,0,0,-1,-1,-1,1,0,0,-1,1,0,-1,-1,-1,0
22041,1,-1,1,0,1,1,1,0,1,-1,1,-1,0,1,0,-1,1,-1,-1,0
22042,0,1,0,0,-1,1,-1,1,-1,-1,-1,1,0,0,1,0,0,0,-1,0
22043,1,-1,0,0,-1,-1,0,0,0,1,-1,0,0,0,1,1,-1,-1,-1,1
22044,0,1,-1,0,0,0,-1,-1,-1,-1,-1,-1,1,0,1,-1,1,-1,0,-1
22045,0,-1,0,1,0,1,1,-1,-1,1,1,1,0,1,-1,1,-1,-1,-1,-1
22046,1,-1,0,1,1,1,0,0,-1,0,0,-1,0,0,-1,1,0,1,1,-1
22047,0,0,1,1,0,-1,1,-1,0,-1,-1,1,-1,-1,0,0,-1,0,1,1
22048,0,1,-1,1,0,1,-1,0,0,-1,0,-1,1,1,0,1,0,1,0,0
22049,-1,-1,0,1,1,-1,1,-1,0,-1,-1,0,1,1,0,-1,1,-1,-1,-1
22050,0,1,-1,1,1,1,1,0,-1,1,0,1,-1,0,-1,-1,-1,0,-1,1
22051,1,1,1,-1,0,0,0,1,-1,1,-1,0,1,0,1,0,1,-1,-1,0
22052,0,0,1,-1,0,0,0,0,1,-1,0,-1,-1,-1,0,-1,1,1,0,0
22053,1,0,1,1,1,0,-1,1,0,1,0,0,0,0,-1,1,0,1,-1,1
22054,1,1,0,1,-1,-1,0,0,0,-1,0,1,0,0,0,-1,1,1,0,-1
22055,-1,1,-1,-1,0,0,1,1,-1,1,-1,1,1,-1,-1,0,1,0,0,1
22056,0,0,-1,-1,0,-1,1,-1,-1,1,0,1,1,0,1,-1,0,1,-1,1
22057,1,0,1,1,1,1,-1,0,-1,1,-1,0,0,-1,-1,-1,0,0,1,1
22058,-1,-1,1,1,1,-1,1,-1,0,1,-1,-1,0,-1,-1,1,0,-1,-1,1
22059,1,1,0,1,0,-1,1,0,1,1,0,0,0,1,-1,-1,0,1,0,0
22060,0,-1,-1,0,1,0,1,-1,1,0,0,1,1,1,0,-1,-1,0,0,-1
22061,-1,0,0,1,-1,0,-1,-1,1,-1,0,0,1,0,1,-1,1,1,-1,1
22062,-1,1,0,0,0,0,-1,1,1,-1,1,1,1,0,1,-1,0,1,-1,0
22063,-1,0,0,-1,1,-1,1,0,-1,1,1,-1,1,-1,0,-1,1,1,-1,1
22064,1,0,1,-1,0,-1,-1,1,0,-1,-1,-1,1,1,0,-1,0,1,0,1
22065,-1,1,-1,-1,1,1,1,1,0,1,0,1,1,-1,1,1,1,-1,0,0
22066,1,-1,-1,1,1,-1,-1,0,1,1,1,0,0,0,1,1,-1,-1,1,-1
22067,0,-1,0,0,-1,1,1,0,-1,-1,1,1,1,1,1,-1,-1,1,-1,1
22068,0,-1,1,1,0,0,1,0,-1,-1,-1,0,0,1,0,1,0,-1,1,-1
22069,1,-1,1,0,-1,0,-1,1,0,1,-1,0,-1,1,-1,-1,-1,-1,0,-1
22070,0,1,-1,1,-1,1,-1,0,-1,1,-1,0,-1,0,-1,0,-1,1,-1,0
22071,-1,1,1,0,0,1,1,0,0,-1,1,0,1,-1,0,1,0,-1,1,1
22072,0,-1,-1,0,-1,0,1,0,1,-1,1,0,-1,-1,-1,-1,-1,-1,0,1
22073,1,1,-1,0,0,-1,-1,1,-1,1,-1,-1,0,-1,-1,-1,1,0,0,-1
22074,-1,1,0,0,-1,0,0,1,-1,1,1,-1,0,-1,1,-1,0,-1,1,0
22075,1,-1,1,-1,1,0,1,1,1,-1,0,0,1,-1,1,0,1,-1,1,0
22076,-1,1,0,1,0,0,-1,-1,-1,-1,1,-1,-1,-1,1,0,0,0,0,-1
22077,-1,1,1,0,0,0,0,1,1,1,0,1,0,1,-1,0,-1,1,-1,-1
22078,1,0,1,1,1,1,-1,1,0,-1,1,0,1,0,0,-1,-1,0,0,-1
22079,0,-1,-1,1,1,-1,-1,1,-1,0,-1,0,1,-1,0,0,0,-1,1,0
22080,0,0,1,0,0,-1,-1,-1,1,-1,0,-1,-1,-1,-1,0,1,-1,-1,-1
22081,0,1,0,-1,-1,-1,0,0,-1,0,0,1,0,-1,0,-1,1,1,0,0
22082,1,1,0,0,0,1,0,0,0,-1,-1,-1,-1,-1,0,0,0,1,-1,-1
22083,-1,1,-1,-1,-1,-1,-1,0,1,0,0,1,0,-1,1,1,-1,-1,-1,1
22084,1,-1,-1,-1,1,-1,-1,0,1,1,1,0,0,-1,-1,1,0,-1,-1,-1
22085,-1,0,-1,-1,-1,0,0,1,0,1,1,-1,-1,-1,1,1,0,-1,1,1
22086,-1,-1,-1,-1,0,0,1,-1,1,0,-1,-1,0,-1,-1,-1,0,-1,0,1
22087,1,-1,1,0,0,-1,1,-1,1,1,0,0,0,0,1,-1,-1,0,1,0
22088,1,1,1,1,1,-1,-1,-1,1,1,-1,-1,0,0,1,0,0,0,-1,-1
22089,-1,1,1,0,1,1,0,-1,0,0,0,-1,-1,0,1,1,0,-1,0,0
22090,-1,-1,0,-1,0,-1,1,0,-1,-1,-1,0,-1,1,-1,1,1,1,-1,-1
22091,0,1,1,0,-1,0,1,1,1,0,0,0,0,-1,1,-1,0,-1,1,-1
22092,1,-1,-1,0,1,0,0,-1,-1,-1,-1,1,-1,-1,1,-1,1,1,1,0
22093,1,1,-1,-1,-1,-1,0,-1,0,-1,1,-1,0,-1,0,1,-1,1,1,1
22094,1,-1,1,1,1,0,0,1,1,-1,-1,0,-1,1,0,1,0,-1,0,-1
22095,-1,0,-1,1,-1,-1,1,0,-1,0,-1,0,-1,1,0,0,0,1,0,-1
22096,0,1,1,1,-1,1,-1,0,-1,0,-1,-1,0,-1,0,1,1,0,1,1
22097,-1,1,0,1,0,1,1,0,1,0,1,-1,1,-1,0,1,0,1,0,1
22098,-1,1,-1,-1,1,-1,-1,0,1,1,0,1,0,-1,0,0,-1,0,1,-1
22099,-1,1,-1,1,1,0,1,1,-1,-1,-1,1,0,-1,1,1,-1,1,-1,0
22100,0,-1,0,1,0,0,0,1,0,-1,1,0,1,-1,-1,-1,0,1,1,-1
22101,-1,0,-1,0,1,-1,0,-1,1,0,0,1,-1,-1,0,0,0,1,-1,-1
22102,-1,1,1,1,1,0,0,1,-1,1,1,-1,0,0,1,1,0,0,1,0
22103,0,1,1,1,1,1,0,0,0,1,1,-1,0,-1,1,-1,-1,-1,-1,1
22104,0,-1,1,1,-1,-1,0,1,-1,0,-1,1,0,1,1,0,-1,1,0,-1
22105,0,1,1,-1,0,1,1,-1,0,-1,1,0,1,0,1,-1,1,-1,0,-1
22106,0,0,0,1,1,1,1,-1,1,1,1,0,0,1,0,1,-1,-1,1,0
22107,-1,1,1,0,0,0,-1,1,-1,0,0,1,0,-1,-1,1,-1,1,0,-1
22108,-1,0,1,0,1,0,0,-1,-1,1,1,-1,1,1,-1,1,1,0,1,-1
22109,0,0,0,1,0,1,0,1,-1,1,0,-1,0,0,0,0,-1,1,-1,-1
22110,-1,0,0,-1,1,1,0,-1,1,-1,-1,-1,-1,1,1,-1,1,1,-1,-1
22111,0,1,1,1,1,-1,-1,-1,0,0,0,1,0,0,0,-1,1,0,0,-1
22112,0,1,1,1,-1,1,1,0,-1,1,0,0,1,1,1,0,-1,0,1,1
22113,1,1,-1,1,0,-1,-1,0,1,-1,0,-1,-1,0,-1,0,1,0,1,0
22114,-1,0,1,1,0,-1,0,0,0,0,1,1,1,0,-1,-1,0,-1,-1,0
22115,-1,0,1,0,-1,0,0,-1,1,1,-1,1,1,0,0,1,-1,-1,-1,0
22116,0,0,1,-1,-1,-1,1,-1,-1,1,1,0,1,0,0,1,-1,1,1,-1
22117,-1,-1,0,-1,0,-1,1,0,-1,0,-1,-1,1,-1,0,1,-1,0,-1,-1
22118,1,-1,1,1,0,-1,0,1,0,1,-1,1,-1,-1,-1,1,0,1,0,0
22119,1,0,0,1,-1,-1,-1,1,0,-1,-1,-1,-1,1,0,1,-1,0,0,0
22120,1,-1,1,1,0,1,0,1,-1,-1,0,-1,-1,-1,1,1,1,-1,-1,0
22121,-1,1,-1,0,-1,1,0,1,0,-1,-1,1,-1,1,0,0,1,1,0,-1
22122,1,0,0,1,0,1,1,-1,1,-1,0,1,-1,-1,1,1,-1,0,-1,1
22123,1,1,-1,1,0,-1,1,-1,0,1,1,-1,0,0,-1,0,0,-1,0,0
22124,0,1,-1,-1,0,1,1,1,-1,0,-1,1,1,-1,1,-1,-1,-1,0,1
22125,-1,1,1,0,-1,0,0,-1,0,-1,1,-1,-1,-1,0,-1,0,1,-1,1
22126,-1,1,0,-1,0,-1,-1,1,-1,1,0,0,0,0,1,-1,1,0,0,0
22127,1,-1,-1,-1,1,1,-1,1,1,0,1,0,1,0,0,1,1,0,1,0
22128,-1,-1,-1,-1,1,0,0,0,0,1,1,-1,0,1,-1,-1,-1,-1,-1,1
22129,0,0,-1,0,1,0,-1,0,1,1,0,0,0,1,0,0,-1,1,1,0
22130,-1,-1,1,0,1,-1,-1,1,-1,0,0,-1,-1,-1,-1,-1,1,1,1,1
22131,1,-1,0,-1,1,0,-1,0,-1,-1,0,0,1,0,-1,1,1,-1,1,1
22132,-1,1,-1,1,0,-1,0,1,-1,0,1,1,0,0,1,-1,-1,1,-1,1
22133,0,-1,-1,-1,-1,1,1,1,0,0,1,-1,0,1,1,1,1,1,-1,1
22134,-1,-1,0,1,-1,0,-1,0,0,-1,0,0,-1,0,-1,-1,1,0,-1,-1
22135,-1,1,0,0,0,-1,-1,0,0,0,1,0,0,0,0,0,1,1,-1,-1
22136,1,1,0,-1,-1,0,-1,1,1,0,1,1,0,1,0,-1,-1,1,-1,0
22137,0,0,1,1,1,1,-1,0,1,-1,-1,-1,1,1,-1,-1,-1,0,1,-1
22138,-1,0,1,-1,0,-1,0,-1,0,-1,0,1,-1,0,0,1,1,0,-1,0
22139,1,0,-1,0,1,1,-1,1,1,1,-1,-1,0,0,-1,0,-1,-1,1,1
22140,-1,0,-1,-1,0,1,1,-1,0,1,-1,-1,0,1,1,-1,1,0,0,1
22141,1,-1,-1,1,0,0,1,0,0,-1,1,1,0,1,-1,-1,0,0,0,0
22142,-1,0,1,-1,-1,-1,-1,-1,1,-1,0,1,0,-1,0,1,0,-1,-1,1
22143,-1,0,-1,-1,-1,1,0,1,-1,1,0,0,-1,-1,0,1,0,-1,-1,1
22144,0,1,1,-1,-1,1,-1,1,1,-1,1,0,-1,1,0,0,0,0,0,0
22145,-1,-1,-1,-1,-1,-1,-1,-1,-1,0,0,-1,0,0,0,0,1,0,1,1
22146,-1,0,-1,1,-1,0,-1,-1,-1,0,0,0,1,0,1,-1,0,0,1,-1
22147,-1,0,0,-1,1,0,0,0,0,-1,-1,1,-1,0,1,0,1,-1,0,0
22148,0,0,1,-1,1,1,0,1,1,-1,0,0,1,0,-1,-1,-1,-1,0,-1
22149,1,1,-1,1,-1,0,-1,1,0,1,0,0,1,-1,-1,1,0,0,1,0
22150,0,-1,0,1,0,0,0,0,0,-1,0,0,-1,1,-1,1,1,-1,0,0
22151,-1,1,-1,0,1,1,0,0,0,-1,-1,1,0,0,-1,0,1,-1,-1,1
22152,1,0,1,0,0,0,-1,-1,-1,-1,-1,-1,0,0,1,1,-1,1,-1,1
22153,0,0,-1,-1,1,1,0,0,0,1,1,1,0,0,-1,1,1,-1,1,0
22154,0,1,0,1,1,0,0,0,0,1,0,1,-1,0,-1,-1,0,0,-1,1
22155,-1,0,0,0,1,0,-1,1,1,1,1,-1,1,-1,1,-1,0,-1,-1,0
22156,1,-1,1,-1,-1,0,0,0,0,0,1,0,0,1,0,0,-1,0,1,1
22157,1,0,-1,-1,1,1,1,-1,0,-1,-1,1,-1,1,-1,0,0,-1,1,0
22158,0,-1,0,1,0,-1,0,-1,0,1,-1,1,-1,1,0,1,-1,1,1,1
22159,-1,0,0,0,-1,0,-1,1,-1,0,-1,0,1,1,-1,1,0,0,-1,1
22160,0,1,-1,0,1,1,-1,0,0,1,0,1,0,0,-1,0,1,1,-1,0
22161,1,-1,0,-1,0,-1,0,1,-1,0,-1,0,-1,-1,1,1,1,-1,1,-1
22162,-1,-1,1,0,-1,-1,0,1,0,0,-1,0,-1,1,1,0,1,1,1,0
22163,0,-1,0,0,1,0,0,-1,0,0,1,0,0,-1,0,1,-1,1,-1,1
22164,-1,1,0,1,0,1,1,-1,0,1,-1,0,0,-1,-1,0,0,1,1,-1
22165,0,0,0,0,-1,0,1,1,0,0,1,-1,1,-1,1,0,-1,0,-1,1
22166,1,1,-1,1,1,-1,-1,1,0,1,-1,0,-1,1,1,-1,1,-1,0,-1
22167,0,0,-1,0,0,-1,-1,1,-1,-1,-1,1,0,-1,-1,1,1,-1,1,0
22168,-1,-1,-1,0,1,-1,1,-1,0,1,-1,-1,1,1,1,-1,-1,0,0,-1
22169,-1,1,-1,-1,-1,0,-1,1,0,0,0,0,-1,0,-1,1,0,-1,1,0
22170,-1,0,0,1,0,0,-1,0,0,1,1,-1,-1,0,1,0,1,0,1,0
22171,0,1,1,1,0,-1,1,0,0,0,-1,1,-1,-1,0,0,-1,0,1,-1
22172,0,0,0,-1,1,0,0,1,-1,0,-1,1,-1,-1,0,-1,-1,0,1,1
22173,-1,0,1,-1,1,1,-1,1,0,-1,1,1,1,1,1,1,-1,0,0,0
22174,1,0,-1,0,0,-1,1,1,1,1,0,0,-1,1,0,1,-1,-1,0,-1
22175,1,1,1,1,1,0,-1,-1,1,0,1,1,1,0,1,0,1,1,-1,-1
22176,1,-1,-1,1,1,1,-1,0,0,0,1,-1,1,-1,0,1,1,1,-1,-1
22177,-1,0,-1,1,1,1,-1,-1,1,1,-1,-1,-1,0,0,-1,-1,0,-1,1
22178,-1,0,0,-1,1,0,0,0,-1,-1,1,0,1,1,1,1,-1,-1,-1,-1
22179,1,0,0,-1,0,0,1,1,0,1,0,0,1,1,0,1,1,0,0,0
22180,0,1,-1,0,0,-1,-1,1,1,0,-1,1,-1,0,0,0,0,1,1,1
22181,0,1,-1,0,1,0,1,0,1,1,-1,0,-1,-1,1,1,0,0,0,0
22182,0,0,0,-1,0,-1,1,-1,-1,0,1,-1,-1,-1,1,0,1,1,-1,1
22183,-1,0,1,-1,1,-1,-1,-1,1,-1,1,-1,-1,0,0,0,0,0,1,1
22184,1,-1,0,-1,0,0,-1,1,-1,0,1,1,-1,-1,0,0,-1,1,1,-1
22185,-1,0,0,0,1,1,1,-1,1,-1,-1,-1,0,1,0,1,0,1,0,1
22186,-1,-1,0,0,1,0,-1,-1,-1,-1,1,-1,-1,-1,0,1,1,1,0,0
22187,-1,0,1,0,0,1,-1,1,1,0,-1,0,0,-1,1,0,1,-1,0,-1
22188,0,0,-1,-1,0,0,1,-1,1,1,-1,0,0,-1,-1,-1,1,1,-1,-1
22189,1,0,-1,1,0,0,1,-1,1,1,0,1,0,0,0,1,-1,1,-1,-1
22190,-1,1,1,-1,0,-1,0,1,-1,-1,0,0,1,-1,0,-1,-1,1,1,0
22191,1,-1,-1,-1,1,1,-1,0,0,1,0,0,1,1,1,0,1,-1,0,1
22192,-1,0,0,-1,0,1,1,1,-1,0,0,-1,0,0,0,1,0,-1,0,1
22193,0,0,-1,0,-1,-1,0,0,1,0,0,0,0,1,1,1,0,0,0,1
22194,-1,0,0,1,0,-1,0,1,-1,-1,-1,0,0,0,-1,1,0,-1,0,0
22195,-1,0,1,1,0,-1,0,-1,0,0,-1,-1,-1,0,0,1,-1,-1,0,-1
22196,-1,-1,1,-1,0,-1,-1,1,-1,1,-1,-1,0,1,-1,-1,0,-1,-1,1
22197,1,-1,0,-1,0,0,0,-1,-1,1,-1,0,1,0,1,0,-1,0,-1,-1
22198,1,1,0,1,0,1,1,0,-1,1,0,1,1,-1,0,-1,1,-1,1,1
22199,-1,-1,0,0,1,0,1,0,0,-1,-1,-1,-1,-1,-1,-1,1,0,-1,1
22200,1,-1,0,-1,1,-1,1,0,-1,0,1,1,0,0,-1,1,1,1,0,0
22201,0,0,1,0,0,-1,0,-1,0,1,-1,1,-1,1,1,-1,1,0,-1,0
22202,0,1,-1,0,-1,1,1,-1,1,0,-1,-1,-1,0,-1,1,1,1,-1,-1
22203,1,0,1,-1,1,-1,1,1,1,1,-1,1,0,1,0,-1,1,0,-1,0
22204,1,1,1,0,0,-1,0,1,1,1,-1,1,0,1,1,1,1,1,1,-1
22205,0,0,0,-1,0,1,1,1,-1,-1,-1,0,-1,-1,-1,0,-1,-1,-1,1
22206,1,0,-1,-1,-1,0,-1,-1,1,1,-1,1,-1,0,0,1,1,-1,0,1
22207,0,1,1,1,1,0,-1,-1,1,0,1,-1,-1,1,-1,0,-1,-1,1,1
22208,1,0,-1,-1,-1,-1,1,-1,1,1,0,-1,1,0,1,0,1,-1,1,0
22209,1,-1,1,-1,0,1,1,-1,1,0,1,1,1,-1,-1,1,1,0,1,1
22210,1,0,-1,1,0,1,1,0,-1,1,0,1,-1,-1,1,1,1,-1,0,-1
22211,0,1,-1,0,-1,1,-1,-1,1,1,-1,0,-1,0,1,0,1,1,0,-1
22212,0,-1,-1,-1,1,0,-1,0,-1,-1,1,-1,0,0,-1,-1,1,0,0,0
22213,-1,0,-1,0,1,-1,-1,0,0,1,1,-1,0,0,1,1,-1,1,-1,0
22214,1,0,-1,-1,1,1,1,1,1,0,-1,1,1,0,-1,1,1,1,0,1
22215,0,-1,1,-1,-1,1,0,1,1,1,0,-1,-1,-1,0,-1,0,0,-1,1
22216,-1,1,1,1,0,-1,1,-1,1,-1,1,0,1,-1,1,0,1,1,1,-1
22217,0,-1,0,-1,1,-1,1,-1,-1,1,0,-1,0,1,-1,-1,-1,1,1,0
22218,1,-1,1,0,0,0,1,-1,1,1,0,0,0,0,-1,1,1,-1,1,1
22219,1,-1,1,0,0,0,1,0,-1,-1,1,-1,1,-1,0,0,1,-1,-1,0
22220,0,0,0,1,1,-1,-1,0,1,1,1,1,1,-1,-1,1,-1,0,1,1
22221,-1,1,0,-1,1,1,1,-1,-1,1,0,0,0,0,0,1,1,1,0,1
22222,0,1,-1,-1,1,-1,-1,-1,-1,-1,-1,0,1,1,1,1,1,1,1,-1
22223,0,-1,0,-1,1,-1,1,0,-1,-1,1,-1,-1,-1,-1,-1,0,1,0,1
22224,1,-1,-1,-1,-1,-1,0,0,0,1,1,0,0,0,0,0,0,1,1,-1
22225,1,0,0,1,0,0,0,0,-1,0,1,1,0,-1,1,1,0,0,1,-1
22226,-1,0,1,0,1,0,-1,-1,-1,1,1,1,0,1,0,0,-1,1,1,-1
22227,-1,0,1,-1,-1,-1,1,-1,-1,-1,0,-1,1,0,-1,0,-1,1,-1,1
22228,0,1,-1,0,1,-1,0,0,1,0,0,-1,-1,-1,-1,1,1,-1,1,1
22229,1,0,-1,0,0,1,-1,-1,0,0,1,1,-1,1,-1,0,1,-1,0,0
22230,0,1,1,-1,1,-1,1,-1,-1,0,0,0,0,-1,0,1,-1,0,0,1
22231,-1,1,0,0,0,-1,1,1,-1,1,0,0,1,-1,0,-1,-1,1,-1,-1
22232,1,1,0,1,-1,-1,-1,-1,-1,1,1,1,0,1,0,-1,1,1,1,-1
22233,1,1,1,-1,1,-1,-1,0,1,-1,-1,-1,0,-1,-1,0,-1,-1,-1,0
22234,0,0,0,1,0,-1,-1,1,0,-1,-1,0,-1,1,0,0,1,1,-1,1
22235,0,0,1,1,0,1,1,1,0,-1,0,0,0,0,0,1,-1,-1,1,0
22236,0,0,0,1,1,1,0,1,-1,1,0,-1,1,0,0,0,1,-1,0,1
22237,-1,0,0,1,1,1,0,0,1,0,-1,-1,-1,0,-1,0,0,-1,-1,-1
22238,1,0,1,-1,-1,0,-1,1,-1,1,0,0,1,0,0,1,0,-1,0,0
22239,-1,0,-1,1,1,0,1,1,0,-1,-1,0,-1,-1,-1,-1,1,-1,-1,-1
22240,0,0,0,1,0,-1,-1,1,-1,-1,-1,1,1,-1,0,0,-1,0,-1,1
22241,-1,-1,0,-1,-1,0,0,1,1,1,-1,1,0,0,-1,-1,0,1,1,-1
22242,1,1,-1,-1,0,0,-1,0,0,1,-1,0,0,1,1,1,0,0,-1,0
22243,1,0,0,1,0,1,-1,1,-1,1,1,0,0,-1,-1,1,-1,1,0,1
22244,-1,1,-1,1,0,0,1,1,0,-1,1,0,1,-1,0,0,0,1,-1,-1
22245,-1,0,0,1,0,1,1,-1,1,0,0,0,-1,1,-1,0,1,0,1,-1
22246,-1,0,1,1,-1,-1,-1,1,-1,1,1,1,1,-1,0,0,1,0,0,1
22247,0,-1,-1,0,-1,1,-1,-1,0,1,0,1,-1,1,0,0,-1,1,-1,0
22248,1,1,0,-1,0,0,-1,0,0,0,1,0,-1,0,-1,-1,0,1,0,-1
22249,0,1,1,1,0,1,1,0,-1,-1,0,0,0,-1,1,1,1,-1,-1,-1
22250,1,-1,-1,-1,1,0,-1,-1,-1,-1,-1,-1,1,0,0,-1,1,0,-1,1
22251,-1,1,-1,1,-1,-1,-1,0,1,0,-1,0,-1,1,-1,1,1,1,-1,1
22252,1,0,-1,0,0,0,1,1,-1,1,-1,-1,1,1,1,1,0,0,0,-1
22253,-1,-1,-1,1,0,1,0,1,1,0,-1,0,0,-1,0,-1,-1,1,1,1
22254,1,1,0,0,0,0,1,1,-1,-1,1,1,-1,0,-1,-1,-1,0,0,0
22255,-1,1,1,-1,0,0,-1,0,0,0,-1,0,0,1,1,0,1,1,-1,-1
22256,-1,1,1,-1,1,1,1,-1,1,1,0,-1,-1,-1,-1,-1,0,0,1,-1
22257,-1,0,-1,-1,0,1,-1,0,0,1,0,1,0,0,1,1,0,1,-1,0
22258,1,1,-1,1,0,1,0,-1,1,0,1,0,1,-1,1,0,1,-1,1,1
22259,0,1,-1,0,0,1,0,-1,0,1,0,1,0,-1,1,-1,0,1,1,-1
22260,1,-1,1,1,-1,0,-1,1,1,0,1,1,0,1,-1,1,1,1,0,-1
22261,1,1,1,0,1,1,0,1,-1,1,0,0,-1,-1,-1,0,0,0,0,0
22262,1,-1,0,0,1,-1,-1,1,1,-1,-1,-1,-1,1,-1,1,0,0,1,-1
22263,0,1,0,-1,1,0,-1,1,-1,-1,1,0,0,-1,0,-1,1,0,1,0
22264,-1,1,0,1,-1,0,0,-1,-1,0,0,0,-1,0,0,1,1,0,-1,-1
22265,-1,1,-1,-1,1,0,1,1,0,0,0,0,0,-1,-1,-1,0,-1,0,-1
22266,1,0,1,-1,0,-1,-1,-1,-1,-1,-1,-1,0,0,1,1,0,1,-1,-1
22267,-1,1,-1,-1,1,1,-1,1,-1,-1,-1,0,1,-1,-1,1,-1,-1,0,0
22268,0,1,-1,-1,-1,0,0,0,1,-1,1,-1,-1,0,1,-1,-1,1,-1,-1
22269,-1,0,1,-1,-1,0,0,-1,-1,0,-1,0,1,1,-1,1,0,0,1,0
22270,1,-1,0,1,1,-1,0,-1,0,1,0,1,0,-1,1,-1,-1,0,-1,0
22271,1,1,0,0,-1,0,-1,1,0,1,1,0,-1,1,1,-1,0,-1,0,0
22272,0,1,-1,0,-1,0,-1,1,1,1,0,-1,-1,-1,-1,0,1,1,0,-1
22273,1,-1,0,-1,-1,1,0,0,-1,0,1,-1,-1,-1,1,-1,-1,0,1,-1
22274,1,0,0,-1,1,-1,-1,1,1,0,-1,-1,-1,1,0,0,1,0,0,-1
22275,-1,1,1,1,0,1,1,0,-1,-1,0,0,1,0,1,1,1,1,-1,0
22276,1,0,1,0,-1,1,-1,-1,-1,1,0,0,-1,0,-1,0,1,1,0,1
22277,1,1,0,-1,1,0,0,1,-1,0,1,0,1,0,0,1,1,-1,1,-1
22278,0,0,1,1,-1,-1,1,0,0,-1,-1,-1,0,-1,-1,0,0,-1,0,1
22279,0,-1,-1,-1,-1,1,0,0,0,0,-1,1,1,1,1,0,0,-1,1,-1
22280,-1,1,1,1,-1,0,-1,1,0,1,-1,-1,0,0,-1,1,0,1,1,0
22281,0,-1,-1,-1,0,-1,1,1,1,0,-1,1,-1,0,1,1,-1,0,0,-1
22282,0,-1,0,-1,0,-1,-1,0,0,0,0,-1,0,0,-1,-1,-1,1,0,0
22283,1,1,-1,0,-1,1,0,0,1,-1,1,-1,1,-1,0,1,1,-1,1,1
22284,0,-1,1,0,1,-1,-1,0,0,0,0,0,0,-1,-1,1,1,1,0,1
22285,0,0,1,1,1,-1,-1,0,0,0,1,1,1,0,-1,1,1,1,1,1
22286,0,0,-1,-1,1,0,0,0,0,-1,0,-1,1,0,-1,-1,1,-1,-1,1
22287,1,0,-1,1,1,1,0,0,1,1,0,1,0,1,1,0,1,0,1,-1
22288,0,-1,0,1,0,1,-1,0,-1,0,1,0,1,-1,0,-1,0,1,0,-1
22289,-1,-1,1,-1,1,-1,0,1,-1,1,0,-1,-1,1,-1,1,1,0,1,-1
22290,0,0,1,-1,0,-1,0,1,-1,0,1,0,1,-1,1,1,0,-1,-1,-1
22291,0,1,0,0,0,-1,0,-1,1,1,1,0,-1,-1,1,1,-1,-1,-1,-1
22292,1,-1,1,-1,1,1,1,-1,1,0,-1,0,0,-1,1,-1,1,0,0,-1
22293,-1,-1,0,-1,0,-1,-1,-1,-1,-1,1,1,-1,-1,-1,0,-1,0,0,1
22294,0,-1,1,1,-1,0,1,1,-1,-1,1,1,0,-1,-1,-1,1,0,0,-1
22295,1,-1,1,0,-1,-1,0,1,1,0,0,-1,1,1,0,-1,-1,1,0,1
22296,1,0,-1,0,0,1,0,1,1,0,1,-1,1,-1,0,0,0,0,1,0
22297,-1,-1,0,1,-1,0,0,1,-1,1,0,1,-1,-1,-1,1,0,-1,-1,1
22298,1,0,0,1,1,0,-1,-1,0,-1,1,0,-1,1,1,-1,1,0,1,1
22299,1,-1,-1,-1,1,1,1,-1,0,1,0,0,-1,-1,1,0,-1,0,0,-1
22300,1,1,-1,0,-1,1,1,-1,1,1,0,1,0,1,0,0,1,-1,0,1
22301,-1,1,-1,-1,1,1,1,-1,0,1,1,1,1,0,1,1,0,1,1,-1
22302,-1,0,-1,-1,1,0,0,0,1,0,-1,-1,0,-1,0,-1,0,0,1,0
22303,1,1,1,-1,0,0,1,1,-1,0,0,1,1,-1,1,1,-1,0,0,-1
22304,0,-1,0,0,-1,0,-1,0,0,0,0,-1,0,1,0,-1,0,1,1,1
22305,-1,1,-1,-1,0,0,-1,1,1,1,-1,0,1,0,-1,1,0,1,-1,1
22306,1,-1,-1,0,0,-1,1,-1,0,0,1,0,1,1,1,1,0,-1,0,-1
22307,0,-1,1,0,-1,-1,0,-1,0,1,0,0,0,0,-1,0,1,1,0,1
22308,-1,-1,1,0,-1,0,-1,1,1,-1,0,1,0,-1,0,0,1,0,-1,1
22309,-1,1,0,1,-1,0,0,-1,1,1,1,-1,1,0,-1,-1,0,-1,1,-1
22310,0,0,0,1,-1,-1,0,-1,-1,0,-1,0,-1,0,1,1,0,1,0,0
22311,1,-1,1,-1,-1,-1,1,-1,1,1,0,1,0,-1,0,0,0,0,-1,0
22312,0,1,-1,-1,0,0,0,0,1,-1,0,-1,1,1,-1,0,0,-1,0,-1
22313,1,-1,0,0,1,-1,1,-1,0,-1,1,1,0,0,-1,0,1,0,1,0
22314,-1,1,1,0,1,0,1,1,-1,-1,-1,1,0,1,1,0,0,1,1,1
22315,-1,0,-1,-1,-1,0,0,0,1,1,0,-1,-1,-1,-1,0,0,0,-1,-1
22316,0,-1,0,0,0,1,1,0,1,1,-1,1,0,-1,1,-1,-1,0,1,0
22317,0,0,-1,1,0,-1,0,-1,1,-1,1,0,1,0,1,-1,1,0,1,-1
22318,1,1,-1,-1,0,-1,-1,1,-1,1,0,-1,1,-1,0,1,-1,-1,0,1
22319,-1,-1,-1,-1,0,-1,1,-1,0,-1,-1,0,-1,1,1,0,0,-1,-1,-1
22320,1,-1,-1,-1,-1,-1,0,1,1,1,1,0,1,-1,-1,0,0,-1,0,0
22321,1,1,0,0,-1,0,-1,0,0,0,0,-1,0,-1,0,0,-1,1,-1,-1
22322,0,0,0,-1,0,0,1,0,1,-1,1,0,-1,1,0,-1,1,0,0,-1
22323,-1,0,0,1,-1,0,0,1,1,1,-1,0,0,-1,-1,1,-1,1,0,1
22324,1,1,1,-1,0,-1,0,0,1,-1,1,-1,0,-1,0,1,-1,-1,1,-1
22325,1,1,0,-1,1,-1,-1,0,1,-1,1,0,0,0,0,0,1,1,1,-1
22326,-1,1,-1,1,-1,0,1,-1,0,-1,1,-1,-1,1,1,-1,1,-1,-1,0
22327,-1,-1,-1,1,-1,1,-1,1,1,0,0,1,0,-1,1,-1,-1,-1,1,1
22328,0,0,0,-1,0,1,0,0,1,1,0,1,1,-1,0,-1,1,-1,-1,1
22329,0,0,1,-1,0,1,1,0,-1,1,0,-1,0,-1,-1,1,0,-1,-1,1
22330,-1,1,1,0,-1,-1,-1,0,1,0,1,1,1,1,0,1,0,0,-1,0
22331,-1,1,0,0,1,0,-1,1,0,-1,-1,-1,-1,-1,0,-1,0,1,0,0
22332,0,-1,1,1,-1,-1,-1,1,1,0,1,0,-1,-1,1,1,0,1,1,1
22333,-1,0,0,-1,1,-1,0,0,-1,1,1,-1,1,1,0,-1,1,-1,1,0
22334,0,0,1,1,1,0,-1,0,0,-1,-1,0,0,-1,1,0,-1,1,1,1
22335,-1,1,1,-1,-1,0,0,1,-1,-1,1,1,0,-1,1,0,1,0,1,-1
22336,0,1,0,1,1,-1,-1,-1,0,-1,0,1,-1,1,-1,1,0,1,1,-1
22337,1,1,-1,-1,0,-1,-1,1,0,1,0,0,0,0,-1,0,-1,1,0,1
22338,1,0,-1,1,1,0,1,-1,0,-1,0,0,0,-1,1,0,-1,-1,1,-1
22339,-1,1,0,-1,-1,1,1,1,1,-1,1,1,1,0,0,1,0,1,-1,-1
22340,0,1,0,-1,0,0,0,0,-1,1,-1,0,1,-1,0,1,1,1,1,1
22341,-1,0,1,0,0,-1,0,0,-1,0,1,0,0,-1,0,1,-1,0,1,-1
22342,-1,0,1,1,0,0,1,-1,0,0,0,0,1,0,1,-1,-1,1,0,-1
22343,1,0,1,-1,1,0,0,1,-1,1,0,0,0,-1,0,-1,-1,0,-1,1
22344,-1,0,0,0,-1,0,0,-1,-1,1,-1,0,1,-1,0,1,-1,0,-1,1
22345,0,0,0,1,0,0,-1,1,1,1,0,-1,-1,-1,0,1,1,-1,0,1
22346,0,0,-1,0,-1,1,-1,-1,1,1,0,1,0,-1,1,1,1,0,-1,-1
22347,-1,1,0,1,0,1,0,0,0,0,1,-1,1,-1,1,1,-1,1,-1,-1
22348,-1,0,-1,0,1,1,1,1,0,0,1,-1,-1,0,-1,0,1,1,-1,-1
22349,0,-1,0,0,-1,1,-1,0,-1,0,-1,-1,-1,-1,1,-1,0,1,0,-1
22350,0,0,0,1,1,1,-1,0,-1,0,0,-1,-1,-1,1,0,-1,1,0,1
22351,-1,-1,0,1,1,1,-1,1,1,0,-1,1,0,1,0,0,-1,-1,-1,-1
22352,0,1,-1,-1,-1,-1,1,1,1,1,-1,-1,-1,-1,-1,1,-1,1,1,-1
22353,0,0,1,0,0,-1,0,1,0,0,1,0,1,1,-1,0,1,-1,-1,1
22354,0,1,-1,-1,-1,1,-1,-1,-1,1,0,-1,0,-1,-1,1,-1,0,-1,1
22355,0,1,1,0,1,1,1,1,0,-1,0,-1,0,-1,0,-1,0,-1,1,-1
22356,0,1,-1,-1,-1,-1,-1,0,-1,-1,-1,1,1,0,1,-1,-1,0,-1,-1
22357,1,-1,0,1,0,1,0,-1,0,0,1,0,0,-1,-1,0,1,0,-1,0
22358,0,-1,0,-1,0,-1,1,1,-1,-1,1,0,1,-1,-1,0,1,-1,0,1
22359,1,1,0,0,0,0,1,0,1,-1,1,-1,1,1,-1,-1,-1,-1,1,1
22360,1,1,0,-1,-1,-1,1,0,-1,1,0,1,-1,0,-1,-1,1,0,1,0
22361,0,0,1,1,1,0,1,0,-1,0,0,0,-1,-1,1,1,1,0,-1,1
22362,1,1,-1,1,0,1,1,1,1,1,-1,-1,-1,-1,1,-1,-1,1,-1,-1
22363,-1,-1,-1,-1,0,1,0,0,0,0,0,0,0,0,-1,0,1,-1,-1,0
22364,0,-1,-1,-1,1,0,-1,0,-1,-1,-1,1,0,1,1,0,1,0,-1,1
22365,1,0,1,1,0,0,1,0,-1,-1,0,0,1,0,-1,0,-1,0,-1,1
22366,1,-1,-1,0,0,1,1,-1,1,0,1,-1,1,1,0,-1,1,1,1,0
22367,1,-1,-1,-1,1,1,-1,0,0,-1,0,-1,1,1,0,0,-1,0,0,-1
22368,0,-1,0,-1,0,0,-1,0,1,-1,1,0,-1,-1,-1,0,-1,-1,1,0
22369,1,0,-1,1,1,-1,0,0,0,1,1,1,0,0,0,0,1,1,1,-1
22370,-1,-1,1,-1,0,0,0,1,1,-1,0,1,1,1,-1,0,0,1,0,-1
22371,0,-1,-1,0,1,0,0,1,0,-1,-1,-1,1,0,1,1,0,0,0,1
22372,0,-1,0,0,-1,1,1,1,0,1,-1,-1,1,-1,0,0,1,1,-1,0
22373,0,1,1,0,0,-1,-1,1,-1,0,1,-1,-1,0,1,1,0,0,0,-1
22374,0,1,0,1,1,-1,1,-1,0,0,1,0,-1,0,-1,0,0,0,1,1
22375,-1,1,-1,0,0,1,-1,1,0,0,0,0,-1,0,0,-1,-1,1,-1,1
22376,-1,-1,-1,-1,0,0,1,1,-1,0,-1,1,1,1,1,0,-1,-1,1,1
22377,0,-1,-1,-1,0,0,-1,1,1,-1,-1,0,0,0,1,0,0,0,-1,0
22378,-1,1,0,1,-1,0,0,-1,0,-1,0,1,-1,1,-1,0,0,1,-1,1
22379,0,1,0,-1,1,-1,1,0,0,0,0,0,1,-1,1,-1,-1,1,-1,-1
22380,0,-1,1,-1,1,-1,-1,0,0,1,1,0,0,-1,1,0,-1,1,0,1
22381,0,0,1,1,1,0,0,1,1,-1,0,0,1,1,-1,-1,1,1,-1,-1
22382,0,0,0,1,0,-1,0,0,-1,0,-1,0,1,1,0,1,1,-1,0,-1
22383,1,0,1,0,1,-1,0,-1,0,1,0,1,1,1,-1,1,1,1,0,0
22384,-1,0,0,0,0,0,0,-1,-1,1,1,1,1,-1,0,0,1,-1,-1,-1
22385,1,1,-1,-1,-1,-1,-1,-1,1,-1,-1,1,0,0,-1,-1,1,1,0,0
22386,-1,1,0,0,1,0,1,1,0,1,1,-1,1,1,1,0,-1,1,1,0
22387,0,1,0,-1,1,0,0,0,0,0,-1,-1,-1,-1,-1,-1,1,1,0,0
22388,-1,-1,-1,1,0,-1,-1,-1,1,0,-1,-1,0,1,0,1,1,1,0,1
22389,-1,0,1,-1,-1,-1,0,1,0,0,-1,-1,0,0,1,1,1,0,0,0
22390,-1,-1,0,1,-1,1,-1,0,-1,1,0,-1,-1,1,-1,0,-1,-1,1,0
22391,1,0,1,0,1,-1,0,1,0,1,-1,0,1,0,0,0,0,0,0,0
22392,1,1,-1,1,-1,0,-1,-1,0,0,-1,1,-1,0,0,0,1,1,-1,0
22393,1,-1,1,-1,1,-1,-1,1,0,-1,1,0,1,-1,0,1,0,0,-1,-1
22394,1,-1,-1,1,-1,1,1,1,0,-1,0,-1,0,-1,-1,-1,0,0,1,-1
22395,1,0,-1,0,0,-1,0,1,-1,1,0,-1,1,0,1,0,-1,0,-1,1
22396,-1,-1,0,0,0,-1,0,-1,0,-1,-1,-1,-1,1,1,0,1,1,0,1
22397,0,0,0,1,-1,1,0,-1,0,0,1,1,1,0,1,0,0,-1,-1,-1
22398,-1,0,0,0,0,1,0,-1,-1,1,0,-1,1,1,1,0,0,-1,0,-1
22399,0,0,0,0,0,-1,1,0,1,-1,0,1,1,-1,-1,1,0,0,-1,-1
22400,-1,1,-1,-1,1,1,0,-1,1,1,-1,-1,-1,1,-1,1,-1,-1,0,-1
22401,1,1,0,0,0,0,1,0,1,0,0,0,1,1,-1,1,0,-1,-1,0
22402,1,-1,-1,-1,-1,1,1,0,1,-1,0,0,-1,1,0,0,-1,1,1,-1
22403,1,-1,-1,0,-1,0,0,0,0,0,-1,1,0,1,1,0,1,-1,1,-1
22404,1,0,0,-1,1,-1,0,1,-1,0,0,0,0,0,0,-1,0,-1,0,-1
22405,0,1,1,1,1,-1,-1,1,-1,0,1,1,1,1,0,1,1,-1,-1,0
22406,1,-1,1,-1,-1,0,1,-1,0,1,1,0,0,1,1,1,-1,1,1,-1
22407,-1,-1,-1,1,1,1,0,0,0,0,1,1,0,1,1,0,1,1,-1,-1
22408,-1,1,-1,-1,0,0,-1,1,0,1,1,0,0,1,1,0,0,-1,0,1
22409,0,0,0,0,0,1,1,-1,1,1,0,1,1,-1,-1,0,-1,-1,0,0
22410,1,0,-1,-1,0,-1,1,-1,0,-1,1,1,0,-1,-1,1,0,-1,-1,1
22411,-1,0,-1,-1,-1,0,0,1,0,1,0,-1,1,0,1,-1,-1,-1,-1,-1
22412,-1,-1,-1,0,1,1,-1,1,1,-1,1,0,-1,0,-1,-1,0,-1,-1,0
22413,0,-1,1,-1,-1,0,0,-1,0,-1,0,1,0,0,1,0,-1,-1,1,-1
22414,-1,-1,0,0,0,-1,1,0,-1,1,0,-1,-1,0,1,0,1,1,1,0
22415,1,0,1,-1,-1,1,0,0,1,1,0,0,1,-1,-1,-1,-1,-1,1,0
22416,0,-1,-1,-1,-1,0,0,1,1,1,1,0,-1,1,-1,1,1,-1,0,1
22417,0,-1,-1,-1,1,-1,-1,1,1,1,-1,1,-1,1,0,0,1,1,0,-1
22418,1,1,1,-1,0,1,0,-1,1,1,1,0,1,-1,0,1,-1,-1,-1,-1
22419,1,1,1,0,1,1,1,1,1,1,1,1,-1,0,0,0,-1,1,0,0
22420,1,0,-1,0,0,0,0,0,-1,0,-1,1,1,1,0,1,1,0,0,-1
22421,0,-1,-1,-1,0,1,1,1,0,-1,-1,0,-1,1,1,0,-1,1,1,-1
22422,1,0,1,-1,1,0,1,1,0,0,-1,-1,-1,0,1,0,0,-1,0,-1
22423,0,0,1,-1,-1,1,-1,1,0,1,1,1,1,0,0,-1,1,1,-1,0
22424,1,0,-1,-1,-1,-1,-1,1,-1,0,1,1,1,-1,0,1,1,-1,1,0
22425,0,-1,1,0,1,1,-1,0,-1,0,0,1,0,0,1,1,0,0,0,-1
22426,1,1,0,1,0,0,0,1,-1,0,-1,1,0,1,0,0,-1,0,1,0
22427,1,1,0,-1,0,1,0,-1,1,-1,1,-1,1,0,0,0,1,-1,0,0
22428,-1,-1,0,1,1,1,0,0,0,-1,1,-1,0,-1,-1,-1,1,-1,-1,0
22429,-1,1,0,-1,0,1,-1,1,-1,0,-1,0,1,1,1,-1,-1,1,0,0
22430,1,0,-1,1,0,0,0,-1,-1,1,-1,1,0,-1,1,-1,-1,-1,0,1
22431,1,0,-1,-1,-1,-1,-1,1,-1,1,1,0,0,-1,-1,0,0,1,-1,1
22432,-1,1,-1,0,0,1,1,1,-1,-1,-1,1,-1,-1,1,1,-1,0,0,-1
22433,-1,-1,1,-1,0,-1,0,0,1,0,0,1,0,1,0,0,-1,1,0,-1
22434,-1,-1,-1,1,-1,1,-1,-1,0,1,0,1,1,-1,-1,-1,0,0,-1,0
22435,-1,-1,0,0,0,0,0,-1,1,0,1,1,0,0,1,-1,-1,0,-1,-1
22436,0,0,-1,0,1,0,-1,1,-1,0,1,0,0,-1,-1,1,1,1,0,0
22437,1,0,0,1,1,1,-1,1,0,0,0,-1,0,-1,-1,-1,1,1,1,1
22438,1,-1,0,0,-1,1,-1,1,1,-1,0,0,-1,-1,1,1,1,-1,1,0
22439,-1,1,-1,0,-1,0,0,0,-1,1,1,-1,1,0,1,0,-1,1,0,1
22440,1,-1,1,-1,0,0,-1,1,-1,0,-1,-1,-1,1,-1,-1,1,0,1,0
22441,0,1,0,-1,-1,1,1,1,0,0,-1,-1,-1,0,1,0,-1,0,1,0
22442,1,-1,1,1,-1,-1,1,0,-1,0,1,-1,0,-1,-1,-1,1,1,1,-1
22443,0,1,1,0,-1,1,1,1,-1,0,1,1,-1,1,1,1,-1,0,-1,0
22444,-1,0,-1,1,-1,0,1,-1,0,1,0,1,1,-1,1,1,1,0,1,1
22445,0,-1,0,-1,0,-1,0,0,0,0,-1,0,0,-1,-1,-1,0,-1,-1,-1
22446,1,-1,-1,-1,1,0,0,-1,1,1,-1,1,-1,-1,-1,-1,1,0,1,0
22447,1,0,-1,0,0,0,0,1,1,1,0,0,0,0,1,0,-1,1,0,1
22448,-1,1,-1,0,1,1,0,1,0,1,-1,1,1,0,0,0,1,-1,0,1
22449,-1,0,0,0,0,-1,0,1,1,-1,-1,1,0,-1,-1,0,0,1,1,0
22450,1,1,1,0,1,1,0,-1,0,0,-1,0,0,0,-1,-1,1,0,-1,-1
22451,-1,1,1,1,-1,0,1,1,1,1,-1,1,-1,-1,1,-1,1,1,-1,1
22452,-1,-1,0,1,0,-1,1,0,1,1,0,1,0,0,0,-1,-1,-1,0,-1
22453,-1,1,1,1,-1,0,-1,0,1,1,1,-1,0,-1,-1,0,0,-1,-1,1
22454,-1,0,-1,-1,1,0,1,0,0,1,1,-1,1,0,1,1,1,1,1,-1
22455,0,0,0,0,1,0,1,1,0,0,0,-1,0,1,0,1,1,-1,-1,0
22456,-1,-1,0,-1,1,1,-1,0,-1,0,1,1,1,0,-1,1,-1,0,0,-1
22457,1,1,0,-1,-1,-1,-1,1,1,-1,-1,0,-1,-1,0,1,-1,-1,-1,-1
22458,0,0,-1,-1,-1,0,-1,1,1,0,-1,1,1,0,0,-1,0,0,-1,1
22459,-1,1,1,1,1,0,0,1,-1,-1,-1,-1,1,-1,0,1,-1,-1,1,-1
22460,-1,-1,-1,1,1,1,1,0,-1,-1,-1,0,0,0,1,1,0,0,0,-1
22461,1,0,-1,1,0,-1,0,-1,0,0,1,0,0,-1,1,0,0,-1,0,0
22462,-1,-1,0,1,1,0,1,0,-1,-1,-1,-1,1,-1,-1,1,1,-1,0,1
22463,1,0,-1,1,1,-1,0,-1,-1,0,1,-1,1,-1,1,-1,0,0,1,-1
22464,-1,-1,0,0,-1,0,1,-1,-1,-1,1,1,-1,-1,1,1,0,0,-1,1
22465,-1,0,1,-1,-1,-1,-1,1,0,-1,1,0,1,-1,1,-1,1,1,0,0
22466,0,-1,1,0,-1,1,-1,1,0,-1,1,0,-1,1,0,0,1,-1,-1,0
22467,0,-1,1,1,1,1,1,1,1,1,1,-1,-1,1,1,0,0,-1,-1,0
22468,-1,1,-1,0,0,-1,-1,-1,1,0,-1,-1,-1,0,-1,1,-1,1,1,0
22469,1,1,0,1,1,1,1,1,1,-1,1,0,0,-1,-1,0,1,1,0,1
22470,0,-1,-1,-1,1,1,-1,-1,-1,1,1,-1,0,1,1,1,-1,1,0,1
22471,-1,0,0,1,-1,0,1,1,1,1,0,0,1,0,0,-1,-1,1,0,-1
22472,1,0,-1,1,0,-1,0,1,1,0,-1,1,-1,1,0,1,0,1,1,0
22473,0,0,1,0,0,-1,-1,-1,0,-1,1,0,1,0,1,0,1,1,0,-1
22474,1,0,1,1,1,1,1,-1,-1,-1,-1,-1,1,0,1,-1,1,0,-1,1
22475,1,1,0,0,0,-1,-1,1,1,-1,1,-1,1,1,-1,1,0,0,1,-1
22476,-1,-1,0,-1,1,1,-1,0,1,-1,-1,0,1,1,-1,-1,0,0,1,-1
22477,0,1,0,1,1,-1,0,-1,-1,1,-1,-1,-1,0,0,0,-1,-1,-1,1
22478,1,1,0,1,1,-1,-1,1,1,-1,0,0,-1,1,1,-1,-1,-1,-1,0
22479,0,1,-1,0,1,1,1,1,0,0,1,-1,-1,0,0,-1,1,1,1,0
22480,1,0,1,-1,0,-1,0,-1,1,0,-1,1,1,1,1,1,-1,-1,-1,1
22481,0,0,0,-1,0,-1,1,1,1,0,0,1,0,0,-1,1,0,1,-1,1
22482,-1,0,-1,0,-1,-1,-1,-1,-1,1,-1,1,1,0,0,1,0,0,-1,0
22483,-1,-1,1,-1,1,1,-1,1,-1,0,0,1,-1,0,1,1,-1,-1,1,-1
22484,0,-1,-1,-1,0,-1,0,1,1,-1,1,-1,-1,1,0,-1,0,0,-1,1
22485,1,0,1,-1,-1,-1,0,1,1,0,0,1,-1,-1,0,1,1,1,0,1
22486,0,0,1,0,-1,0,-1,1,0,0,-1,-1,-1,-1,0,-1,0,-1,1,1
22487,0,-1,0,0,-1,-1,-1,1,0,1,0,0,0,0,1,1,-1,0,-1,-1
22488,1,1,0,-1,0,0,-1,0,0,0,0,0,-1,0,0,-1,1,-1,0,0
22489,1,-1,1,1,-1,0,-1,0,-1,1,1,1,0,-1,-1,0,1,1,0,0
22490,1,-1,0,1,0,-1,1,0,0,-1,0,-1,0,0,0,1,-1,-1,0,-1
22491,0,-1,0,0,0,0,-1,-1,1,-1,0,-1,1,-1,-1,-1,-1,1,0,0
22492,1,-1,0,1,1,-1,-1,1,0,0,0,0,0,0,1,-1,-1,1,-1,0
22493,1,1,1,0,1,-1,0,1,-1,-1,0,0,1,0,0,1,-1,0,-1,-1
22494,-1,1,0,0,0,-1,-1,1,1,1,1,1,0,-1,1,1,-1,-1,1,0
22495,-1,1,0,1,-1,-1,0,0,-1,1,-1,1,-1,1,-1,1,-1,0,-1,1
22496,1,0,0,-1,-1,0,1,0,-1,0,-1,-1,-1,-1,0,0,-1,1,1,0
22497,0,1,1,-1,1,-1,-1,1,0,0,0,-1,0,-1,1,0,-1,-1,0,-1
22498,-1,0,-1,1,-1,1,0,1,-1,0,0,1,1,-1,0,1,0,-1,0,-1
22499,1,-1,0,1,0,-1,-1,0,-1,1,-1,-1,1,0,0,-1,1,-1,1,-1
22500,1,-1,0,0,1,-1,0,-1,0,0,1,1,-1,-1,-1,-1,1,0,-1,0
